-- phpMyAdmin SQL Dump
-- version 4.8.5
-- https://www.phpmyadmin.net/
--
-- Host: 127.0.0.1
-- Waktu pembuatan: 14 Bulan Mei 2023 pada 16.06
-- Versi server: 10.1.38-MariaDB
-- Versi PHP: 5.6.40

SET SQL_MODE = "NO_AUTO_VALUE_ON_ZERO";
SET AUTOCOMMIT = 0;
START TRANSACTION;
SET time_zone = "+00:00";


/*!40101 SET @OLD_CHARACTER_SET_CLIENT=@@CHARACTER_SET_CLIENT */;
/*!40101 SET @OLD_CHARACTER_SET_RESULTS=@@CHARACTER_SET_RESULTS */;
/*!40101 SET @OLD_COLLATION_CONNECTION=@@COLLATION_CONNECTION */;
/*!40101 SET NAMES utf8mb4 */;

--
-- Database: `k-means`
--

-- --------------------------------------------------------

--
-- Struktur dari tabel `centroid_temp`
--

CREATE TABLE `centroid_temp` (
  `id` int(11) NOT NULL,
  `jenis` varchar(15) NOT NULL,
  `iterasi` int(11) NOT NULL,
  `c` varchar(5) NOT NULL
) ENGINE=InnoDB DEFAULT CHARSET=latin1;

--
-- Dumping data untuk tabel `centroid_temp`
--

INSERT INTO `centroid_temp` (`id`, `jenis`, `iterasi`, `c`) VALUES
(1, 'M', 1, 'c3'),
(2, 'M', 1, 'c1'),
(3, 'M', 1, 'c3'),
(4, 'M', 1, 'c1'),
(5, 'M', 1, 'c1'),
(6, 'M', 1, 'c1'),
(7, 'M', 1, 'c1'),
(8, 'M', 1, 'c3'),
(9, 'M', 1, 'c2'),
(10, 'M', 1, 'c3'),
(11, 'M', 1, 'c3'),
(12, 'M', 1, 'c1'),
(13, 'NM', 1, 'c1'),
(14, 'NM', 1, 'c3'),
(15, 'NM', 1, 'c2'),
(16, 'NM', 1, 'c3'),
(17, 'NM', 1, 'c3'),
(18, 'NM', 1, 'c3'),
(19, 'NM', 1, 'c3'),
(20, 'NM', 1, 'c3'),
(21, 'NM', 1, 'c3'),
(22, 'NM', 1, 'c3'),
(23, 'NM', 1, 'c3'),
(24, 'NM', 1, 'c3');

-- --------------------------------------------------------

--
-- Struktur dari tabel `hasil_iterasi`
--

CREATE TABLE `hasil_iterasi` (
  `id` int(11) NOT NULL,
  `iterasi` int(11) NOT NULL,
  `total_medoids` double NOT NULL,
  `total_non_medoids` double NOT NULL,
  `selisih` double NOT NULL
) ENGINE=InnoDB DEFAULT CHARSET=latin1;

--
-- Dumping data untuk tabel `hasil_iterasi`
--

INSERT INTO `hasil_iterasi` (`id`, `iterasi`, `total_medoids`, `total_non_medoids`, `selisih`) VALUES
(1, 1, 4611884.2116161, 5039530.0297924, 427645.81817629);

-- --------------------------------------------------------

--
-- Struktur dari tabel `hasil_klaster`
--

CREATE TABLE `hasil_klaster` (
  `id_klaster` int(11) NOT NULL,
  `fk_tanaman` int(11) NOT NULL,
  `c` varchar(10) NOT NULL
) ENGINE=InnoDB DEFAULT CHARSET=latin1;

--
-- Dumping data untuk tabel `hasil_klaster`
--

INSERT INTO `hasil_klaster` (`id_klaster`, `fk_tanaman`, `c`) VALUES
(76, 1, 'c1'),
(77, 2, 'c2'),
(78, 3, 'c1'),
(79, 4, 'c1'),
(80, 5, 'c2'),
(81, 6, 'c2'),
(82, 7, 'c2'),
(83, 8, 'c2'),
(84, 9, 'c2'),
(85, 10, 'c2'),
(86, 11, 'c2'),
(87, 12, 'c2'),
(88, 39, 'c1'),
(89, 40, 'c1'),
(90, 41, 'c1'),
(91, 42, 'c1'),
(92, 43, 'c2'),
(93, 44, 'c2'),
(94, 45, 'c2'),
(95, 46, 'c1'),
(96, 47, 'c2'),
(97, 48, 'c1'),
(98, 49, 'c1'),
(99, 50, 'c1'),
(100, 39, 'c2'),
(101, 40, 'c2'),
(102, 41, 'c2'),
(103, 42, 'c2'),
(104, 43, 'c2'),
(105, 44, 'c2'),
(106, 45, 'c2'),
(107, 46, 'c2'),
(108, 47, 'c1'),
(109, 48, 'c2'),
(110, 49, 'c2'),
(111, 50, 'c2'),
(112, 39, 'c2'),
(113, 40, 'c2'),
(114, 41, 'c2'),
(115, 42, 'c2'),
(116, 43, 'c2'),
(117, 44, 'c2'),
(118, 45, 'c2'),
(119, 46, 'c2'),
(120, 47, 'c1'),
(121, 48, 'c2'),
(122, 49, 'c2'),
(123, 50, 'c2'),
(124, 39, 'c2'),
(125, 40, 'c2'),
(126, 41, 'c2'),
(127, 42, 'c2'),
(128, 43, 'c2'),
(129, 44, 'c2'),
(130, 45, 'c2'),
(131, 46, 'c2'),
(132, 47, 'c1'),
(133, 48, 'c2'),
(134, 49, 'c2'),
(135, 50, 'c2'),
(136, 77, 'c2'),
(137, 78, 'c2'),
(138, 79, 'c2'),
(139, 80, 'c2'),
(140, 81, 'c1'),
(141, 82, 'c1'),
(142, 83, 'c1'),
(143, 84, 'c2'),
(144, 85, 'c1'),
(145, 86, 'c2'),
(146, 87, 'c2'),
(147, 88, 'c1'),
(148, 77, 'c2'),
(149, 78, 'c2'),
(150, 79, 'c2'),
(151, 80, 'c2'),
(152, 81, 'c1'),
(153, 82, 'c1'),
(154, 83, 'c1'),
(155, 84, 'c2'),
(156, 85, 'c1'),
(157, 86, 'c2'),
(158, 87, 'c2'),
(159, 88, 'c1'),
(160, 1, 'c1'),
(161, 2, 'c1'),
(162, 3, 'c1'),
(163, 4, 'c1'),
(164, 5, 'c1'),
(165, 6, 'c2'),
(166, 7, 'c2'),
(167, 8, 'c1'),
(168, 9, 'c2'),
(169, 10, 'c1'),
(170, 11, 'c1'),
(171, 12, 'c1'),
(172, 1, 'c1'),
(173, 2, 'c1'),
(174, 3, 'c1'),
(175, 4, 'c1'),
(176, 5, 'c1'),
(177, 6, 'c2'),
(178, 7, 'c2'),
(179, 8, 'c1'),
(180, 9, 'c2'),
(181, 10, 'c1'),
(182, 11, 'c1'),
(183, 12, 'c1'),
(184, 1, 'c1'),
(185, 2, 'c1'),
(186, 3, 'c1'),
(187, 4, 'c1'),
(188, 5, 'c1'),
(189, 6, 'c2'),
(190, 7, 'c2'),
(191, 8, 'c1'),
(192, 9, 'c2'),
(193, 10, 'c1'),
(194, 11, 'c1'),
(195, 12, 'c1'),
(196, 1, 'c1'),
(197, 2, 'c1'),
(198, 3, 'c1'),
(199, 4, 'c1'),
(200, 5, 'c1'),
(201, 6, 'c2'),
(202, 7, 'c2'),
(203, 8, 'c1'),
(204, 9, 'c2'),
(205, 10, 'c1'),
(206, 11, 'c1'),
(207, 12, 'c1'),
(208, 305, 'c3'),
(209, 306, 'c2'),
(210, 307, 'c3'),
(211, 308, 'c3'),
(212, 309, 'c1'),
(213, 310, 'c1'),
(214, 311, 'c1'),
(215, 312, 'c3'),
(216, 313, 'c1'),
(217, 314, 'c2'),
(218, 315, 'c2'),
(219, 316, 'c1'),
(220, 305, 'c3'),
(221, 306, 'c2'),
(222, 307, 'c3'),
(223, 308, 'c3'),
(224, 309, 'c1'),
(225, 310, 'c1'),
(226, 311, 'c1'),
(227, 312, 'c3'),
(228, 313, 'c1'),
(229, 314, 'c2'),
(230, 315, 'c2'),
(231, 316, 'c1'),
(232, 305, 'c3'),
(233, 306, 'c2'),
(234, 307, 'c3'),
(235, 308, 'c3'),
(236, 309, 'c1'),
(237, 310, 'c1'),
(238, 311, 'c1'),
(239, 312, 'c3'),
(240, 313, 'c1'),
(241, 314, 'c2'),
(242, 315, 'c2'),
(243, 316, 'c1'),
(244, 305, 'c3'),
(245, 306, 'c2'),
(246, 307, 'c3'),
(247, 308, 'c3'),
(248, 309, 'c1'),
(249, 310, 'c1'),
(250, 311, 'c1'),
(251, 312, 'c3'),
(252, 313, 'c1'),
(253, 314, 'c2'),
(254, 315, 'c2'),
(255, 316, 'c1'),
(256, 305, 'c3'),
(257, 306, 'c2'),
(258, 307, 'c3'),
(259, 308, 'c3'),
(260, 309, 'c1'),
(261, 310, 'c1'),
(262, 311, 'c1'),
(263, 312, 'c3'),
(264, 313, 'c1'),
(265, 314, 'c2'),
(266, 315, 'c2'),
(267, 316, 'c1'),
(268, 305, 'c3'),
(269, 306, 'c2'),
(270, 307, 'c3'),
(271, 308, 'c3'),
(272, 309, 'c1'),
(273, 310, 'c1'),
(274, 311, 'c1'),
(275, 312, 'c3'),
(276, 313, 'c1'),
(277, 314, 'c2'),
(278, 315, 'c2'),
(279, 316, 'c1'),
(280, 305, 'c3'),
(281, 306, 'c2'),
(282, 307, 'c3'),
(283, 308, 'c3'),
(284, 309, 'c1'),
(285, 310, 'c1'),
(286, 311, 'c1'),
(287, 312, 'c3'),
(288, 313, 'c1'),
(289, 314, 'c2'),
(290, 315, 'c2'),
(291, 316, 'c1'),
(292, 305, 'c3'),
(293, 306, 'c2'),
(294, 307, 'c3'),
(295, 308, 'c3'),
(296, 309, 'c1'),
(297, 310, 'c1'),
(298, 311, 'c1'),
(299, 312, 'c3'),
(300, 313, 'c1'),
(301, 314, 'c2'),
(302, 315, 'c2'),
(303, 316, 'c1'),
(304, 305, 'c3'),
(305, 306, 'c2'),
(306, 307, 'c3'),
(307, 308, 'c3'),
(308, 309, 'c1'),
(309, 310, 'c1'),
(310, 311, 'c1'),
(311, 312, 'c3'),
(312, 313, 'c1'),
(313, 314, 'c2'),
(314, 315, 'c2'),
(315, 316, 'c1'),
(316, 305, 'c3'),
(317, 306, 'c2'),
(318, 307, 'c3'),
(319, 308, 'c3'),
(320, 309, 'c1'),
(321, 310, 'c1'),
(322, 311, 'c1'),
(323, 312, 'c3'),
(324, 313, 'c1'),
(325, 314, 'c2'),
(326, 315, 'c2'),
(327, 316, 'c1'),
(328, 305, 'c3'),
(329, 305, 'c3'),
(330, 305, 'c3'),
(331, 305, 'c3'),
(332, 306, 'c2'),
(333, 307, 'c3'),
(334, 308, 'c3'),
(335, 309, 'c1'),
(336, 310, 'c1'),
(337, 311, 'c1'),
(338, 312, 'c3'),
(339, 313, 'c1'),
(340, 314, 'c2'),
(341, 315, 'c2'),
(342, 316, 'c1'),
(343, 305, 'c3'),
(344, 306, 'c2'),
(345, 307, 'c3'),
(346, 308, 'c3'),
(347, 309, 'c1'),
(348, 310, 'c1'),
(349, 311, 'c1'),
(350, 312, 'c3'),
(351, 313, 'c1'),
(352, 314, 'c2'),
(353, 315, 'c2'),
(354, 316, 'c1'),
(355, 305, 'c3'),
(356, 306, 'c2'),
(357, 307, 'c3'),
(358, 308, 'c3'),
(359, 309, 'c1'),
(360, 310, 'c1'),
(361, 311, 'c1'),
(362, 312, 'c3'),
(363, 313, 'c1'),
(364, 314, 'c2'),
(365, 315, 'c2'),
(366, 316, 'c1'),
(367, 305, 'c3'),
(368, 306, 'c2'),
(369, 307, 'c3'),
(370, 308, 'c3'),
(371, 309, 'c1'),
(372, 310, 'c1'),
(373, 311, 'c1'),
(374, 312, 'c3'),
(375, 313, 'c1'),
(376, 314, 'c2'),
(377, 315, 'c2'),
(378, 316, 'c1'),
(379, 305, 'c3'),
(380, 306, 'c2'),
(381, 307, 'c3'),
(382, 308, 'c3'),
(383, 309, 'c1'),
(384, 310, 'c1'),
(385, 311, 'c1'),
(386, 312, 'c3'),
(387, 313, 'c1'),
(388, 314, 'c2'),
(389, 315, 'c2'),
(390, 316, 'c1'),
(391, 305, 'c3'),
(392, 306, 'c2'),
(393, 307, 'c3'),
(394, 308, 'c3'),
(395, 309, 'c1'),
(396, 310, 'c1'),
(397, 311, 'c1'),
(398, 312, 'c3'),
(399, 313, 'c1'),
(400, 314, 'c2'),
(401, 315, 'c2'),
(402, 316, 'c1'),
(403, 305, 'c3'),
(404, 306, 'c2'),
(405, 307, 'c3'),
(406, 308, 'c3'),
(407, 309, 'c1'),
(408, 310, 'c1'),
(409, 311, 'c1'),
(410, 312, 'c3'),
(411, 313, 'c1'),
(412, 314, 'c2'),
(413, 315, 'c2'),
(414, 316, 'c1'),
(415, 305, 'c3'),
(416, 306, 'c2'),
(417, 307, 'c3'),
(418, 308, 'c3'),
(419, 309, 'c1'),
(420, 310, 'c1'),
(421, 311, 'c1'),
(422, 312, 'c3'),
(423, 313, 'c1'),
(424, 314, 'c2'),
(425, 315, 'c2'),
(426, 316, 'c1'),
(427, 305, 'c3'),
(428, 306, 'c2'),
(429, 307, 'c3'),
(430, 308, 'c3'),
(431, 309, 'c1'),
(432, 310, 'c1'),
(433, 311, 'c1'),
(434, 312, 'c3'),
(435, 313, 'c1'),
(436, 314, 'c2'),
(437, 315, 'c2'),
(438, 316, 'c1'),
(439, 305, 'c3'),
(440, 306, 'c2'),
(441, 307, 'c3'),
(442, 308, 'c3'),
(443, 309, 'c1'),
(444, 310, 'c1'),
(445, 311, 'c1'),
(446, 312, 'c3'),
(447, 313, 'c1'),
(448, 314, 'c2'),
(449, 315, 'c2'),
(450, 316, 'c1'),
(451, 305, 'c3'),
(452, 306, 'c2'),
(453, 307, 'c3'),
(454, 308, 'c3'),
(455, 309, 'c1'),
(456, 310, 'c1'),
(457, 311, 'c1'),
(458, 312, 'c3'),
(459, 313, 'c1'),
(460, 314, 'c2'),
(461, 315, 'c2'),
(462, 316, 'c1'),
(463, 305, 'c3'),
(464, 306, 'c2'),
(465, 307, 'c3'),
(466, 308, 'c3'),
(467, 309, 'c1'),
(468, 310, 'c1'),
(469, 311, 'c1'),
(470, 312, 'c3'),
(471, 313, 'c1'),
(472, 314, 'c2'),
(473, 315, 'c2'),
(474, 316, 'c1'),
(475, 305, 'c3'),
(476, 306, 'c2'),
(477, 307, 'c3'),
(478, 308, 'c3'),
(479, 309, 'c1'),
(480, 310, 'c1'),
(481, 311, 'c1'),
(482, 312, 'c3'),
(483, 313, 'c1'),
(484, 314, 'c2'),
(485, 315, 'c2'),
(486, 316, 'c1'),
(487, 305, 'c3'),
(488, 306, 'c2'),
(489, 307, 'c3'),
(490, 308, 'c3'),
(491, 309, 'c1'),
(492, 310, 'c1'),
(493, 311, 'c1'),
(494, 312, 'c3'),
(495, 313, 'c1'),
(496, 314, 'c2'),
(497, 315, 'c2'),
(498, 316, 'c1'),
(499, 305, 'c3'),
(500, 306, 'c2'),
(501, 307, 'c3'),
(502, 308, 'c3'),
(503, 309, 'c1'),
(504, 310, 'c1'),
(505, 311, 'c1'),
(506, 312, 'c3'),
(507, 313, 'c1'),
(508, 314, 'c2'),
(509, 315, 'c2'),
(510, 316, 'c1'),
(511, 305, 'c3'),
(512, 306, 'c2'),
(513, 307, 'c3'),
(514, 308, 'c3'),
(515, 309, 'c1'),
(516, 310, 'c1'),
(517, 311, 'c1'),
(518, 312, 'c3'),
(519, 313, 'c1'),
(520, 314, 'c2'),
(521, 315, 'c2'),
(522, 316, 'c1'),
(523, 305, 'c3'),
(524, 306, 'c2'),
(525, 307, 'c3'),
(526, 308, 'c3'),
(527, 309, 'c1'),
(528, 310, 'c1'),
(529, 311, 'c1'),
(530, 312, 'c3'),
(531, 313, 'c1'),
(532, 314, 'c2'),
(533, 315, 'c2'),
(534, 316, 'c1'),
(535, 305, 'c3'),
(536, 306, 'c2'),
(537, 307, 'c3'),
(538, 308, 'c3'),
(539, 309, 'c1'),
(540, 310, 'c1'),
(541, 311, 'c1'),
(542, 312, 'c3'),
(543, 313, 'c1'),
(544, 314, 'c2'),
(545, 315, 'c2'),
(546, 316, 'c1'),
(547, 305, 'c3'),
(548, 306, 'c2'),
(549, 307, 'c3'),
(550, 308, 'c3'),
(551, 309, 'c1'),
(552, 310, 'c1'),
(553, 311, 'c1'),
(554, 312, 'c3'),
(555, 313, 'c1'),
(556, 314, 'c2'),
(557, 315, 'c2'),
(558, 316, 'c1'),
(559, 305, 'c3'),
(560, 306, 'c2'),
(561, 307, 'c3'),
(562, 308, 'c3'),
(563, 309, 'c1'),
(564, 310, 'c1'),
(565, 311, 'c1'),
(566, 312, 'c3'),
(567, 313, 'c1'),
(568, 314, 'c2'),
(569, 315, 'c2'),
(570, 316, 'c1'),
(571, 305, 'c3'),
(572, 306, 'c2'),
(573, 307, 'c3'),
(574, 308, 'c3'),
(575, 309, 'c1'),
(576, 310, 'c1'),
(577, 311, 'c1'),
(578, 312, 'c3'),
(579, 313, 'c1'),
(580, 314, 'c2'),
(581, 315, 'c2'),
(582, 316, 'c1'),
(583, 305, 'c3'),
(584, 306, 'c2'),
(585, 307, 'c3'),
(586, 308, 'c3'),
(587, 309, 'c1'),
(588, 310, 'c1'),
(589, 311, 'c1'),
(590, 312, 'c3'),
(591, 313, 'c1'),
(592, 314, 'c2'),
(593, 315, 'c2'),
(594, 316, 'c1'),
(595, 305, 'c3'),
(596, 306, 'c2'),
(597, 307, 'c3'),
(598, 308, 'c3'),
(599, 309, 'c1'),
(600, 310, 'c1'),
(601, 311, 'c1'),
(602, 312, 'c3'),
(603, 313, 'c1'),
(604, 314, 'c2'),
(605, 315, 'c2'),
(606, 316, 'c1'),
(607, 305, 'c3'),
(608, 306, 'c2'),
(609, 307, 'c3'),
(610, 308, 'c3'),
(611, 309, 'c1'),
(612, 310, 'c1'),
(613, 311, 'c1'),
(614, 312, 'c3'),
(615, 313, 'c1'),
(616, 314, 'c2'),
(617, 315, 'c2'),
(618, 316, 'c1'),
(619, 305, 'c3'),
(620, 306, 'c2'),
(621, 307, 'c3'),
(622, 308, 'c3'),
(623, 309, 'c1'),
(624, 310, 'c1'),
(625, 311, 'c1'),
(626, 312, 'c3'),
(627, 313, 'c1'),
(628, 314, 'c2'),
(629, 315, 'c2'),
(630, 316, 'c1'),
(631, 305, 'c3'),
(632, 306, 'c2'),
(633, 307, 'c3'),
(634, 308, 'c3'),
(635, 309, 'c1'),
(636, 310, 'c1'),
(637, 311, 'c1'),
(638, 312, 'c3'),
(639, 313, 'c1'),
(640, 314, 'c2'),
(641, 315, 'c2'),
(642, 316, 'c1'),
(643, 305, 'c3'),
(644, 306, 'c2'),
(645, 307, 'c3'),
(646, 308, 'c3'),
(647, 309, 'c1'),
(648, 310, 'c1'),
(649, 311, 'c1'),
(650, 312, 'c3'),
(651, 313, 'c1'),
(652, 314, 'c2'),
(653, 315, 'c2'),
(654, 316, 'c1'),
(655, 305, 'c3'),
(656, 306, 'c2'),
(657, 307, 'c3'),
(658, 308, 'c3'),
(659, 309, 'c1'),
(660, 310, 'c1'),
(661, 311, 'c1'),
(662, 312, 'c3'),
(663, 313, 'c1'),
(664, 314, 'c2'),
(665, 315, 'c2'),
(666, 316, 'c1'),
(667, 305, 'c3'),
(668, 306, 'c2'),
(669, 307, 'c3'),
(670, 308, 'c3'),
(671, 309, 'c1'),
(672, 310, 'c1'),
(673, 311, 'c1'),
(674, 312, 'c3'),
(675, 313, 'c1'),
(676, 314, 'c2'),
(677, 315, 'c2'),
(678, 316, 'c1'),
(679, 305, 'c3'),
(680, 306, 'c2'),
(681, 307, 'c3'),
(682, 308, 'c3'),
(683, 309, 'c1'),
(684, 310, 'c1'),
(685, 311, 'c1'),
(686, 312, 'c3'),
(687, 313, 'c1'),
(688, 314, 'c2'),
(689, 315, 'c2'),
(690, 316, 'c1'),
(691, 305, 'c3'),
(692, 306, 'c2'),
(693, 307, 'c3'),
(694, 308, 'c3'),
(695, 309, 'c1'),
(696, 310, 'c1'),
(697, 311, 'c1'),
(698, 312, 'c3'),
(699, 313, 'c1'),
(700, 314, 'c2'),
(701, 315, 'c2'),
(702, 316, 'c1'),
(703, 305, 'c3'),
(704, 306, 'c2'),
(705, 307, 'c3'),
(706, 308, 'c3'),
(707, 309, 'c1'),
(708, 310, 'c1'),
(709, 311, 'c1'),
(710, 312, 'c3'),
(711, 313, 'c1'),
(712, 314, 'c2'),
(713, 315, 'c2'),
(714, 316, 'c1'),
(715, 305, 'c3'),
(716, 306, 'c2'),
(717, 307, 'c3'),
(718, 308, 'c3'),
(719, 309, 'c1'),
(720, 310, 'c1'),
(721, 311, 'c1'),
(722, 312, 'c3'),
(723, 313, 'c1'),
(724, 314, 'c2'),
(725, 315, 'c2'),
(726, 316, 'c1'),
(727, 305, 'c3'),
(728, 306, 'c2'),
(729, 307, 'c3'),
(730, 308, 'c3'),
(731, 309, 'c1'),
(732, 310, 'c1'),
(733, 311, 'c1'),
(734, 312, 'c3'),
(735, 313, 'c1'),
(736, 314, 'c2'),
(737, 315, 'c2'),
(738, 316, 'c1'),
(739, 115, 'c3'),
(740, 116, 'c1'),
(741, 117, 'c3'),
(742, 118, 'c1'),
(743, 119, 'c1'),
(744, 120, 'c1'),
(745, 121, 'c1'),
(746, 122, 'c3'),
(747, 123, 'c2'),
(748, 124, 'c3'),
(749, 125, 'c3'),
(750, 126, 'c1');

-- --------------------------------------------------------

--
-- Struktur dari tabel `hasil_pengujian`
--

CREATE TABLE `hasil_pengujian` (
  `id` int(11) NOT NULL,
  `c` int(11) NOT NULL,
  `si` double NOT NULL
) ENGINE=InnoDB DEFAULT CHARSET=latin1;

--
-- Dumping data untuk tabel `hasil_pengujian`
--

INSERT INTO `hasil_pengujian` (`id`, `c`, `si`) VALUES
(1, 0, 0.69084161855882),
(2, 1, -0.62200356968653),
(3, 2, -0.87555193463772);

-- --------------------------------------------------------

--
-- Struktur dari tabel `lokasi`
--

CREATE TABLE `lokasi` (
  `id_lokasi` int(11) NOT NULL,
  `nama_lokasi` varchar(100) NOT NULL
) ENGINE=InnoDB DEFAULT CHARSET=latin1;

--
-- Dumping data untuk tabel `lokasi`
--

INSERT INTO `lokasi` (`id_lokasi`, `nama_lokasi`) VALUES
(1, 'Makassar (KA)'),
(2, 'Makassar (BM)'),
(3, 'Makassar (MT)'),
(4, 'Makassar (BP)'),
(5, 'Pinrang (KA)'),
(6, 'Malaysia (BM)'),
(7, 'Jakarta (TIT)'),
(8, 'Jakarta (KR)'),
(9, 'Pare - Pare (BM)'),
(10, 'Bangladesh (KA)'),
(11, 'Bali (KA)'),
(12, 'Papua (KR)');

-- --------------------------------------------------------

--
-- Struktur dari tabel `tanaman`
--

CREATE TABLE `tanaman` (
  `id_tanaman` int(11) NOT NULL,
  `fk_lokasi` int(11) NOT NULL,
  `kota` varchar(100) NOT NULL,
  `pemasaran` varchar(200) NOT NULL,
  `produksi` int(11) NOT NULL,
  `luas_panen` int(11) NOT NULL,
  `produktivitas` int(11) NOT NULL,
  `tahun` int(11) NOT NULL
) ENGINE=InnoDB DEFAULT CHARSET=latin1;

--
-- Dumping data untuk tabel `tanaman`
--

INSERT INTO `tanaman` (`id_tanaman`, `fk_lokasi`, `kota`, `pemasaran`, `produksi`, `luas_panen`, `produktivitas`, `tahun`) VALUES
(1, 1, 'Kopi Arabika', 'Digital Marketing', 108848, 24275, 44, 2012),
(2, 2, 'Bulumata', 'Pameran', 180962, 31355, 57, 2012),
(3, 3, 'Mutiara', 'Digital Marketing', 62249, 13823, 0, 2012),
(4, 4, 'Bunga Pala', 'Digital Marketing', 52173, 9044, 57, 2012),
(5, 5, 'Kopi Arabika', 'offline', 229722, 45567, 50, 2012),
(6, 6, 'Bulumata', '', 301446, 53051, 56, 2012),
(7, 7, 'Telur Ikan Terbang', '', 320086, 57678, 55, 2012),
(8, 8, 'Kopi Robusta', '', 147930, 31654, 46, 2012),
(9, 9, 'Bulumata', '', 360153, 61032, 59, 2012),
(10, 10, 'Kopi Arabika', '', 190989, 31951, 59, 2012),
(11, 11, 'Kopi Arabika', '', 181167, 38185, 47, 2012),
(12, 12, 'Kopi Robusta', '', 216016, 47451, 45, 2012),
(13, 13, '', '', 324623, 73032, 44, 2012),
(14, 14, '', '', 156476, 41583, 37, 2012),
(15, 15, '', '', 571, 181, 31, 2012),
(16, 16, '', '', 150779, 25027, 60, 2012),
(17, 17, '', '', 194233, 32129, 60, 2012),
(18, 18, '', '', 200083, 33875, 59, 2012),
(19, 19, '', '', 43706, 7891, 55, 2012),
(39, 1, 'Kopi Arabika', '', 91521, 21429, 42, 2013),
(40, 2, 'Bulumata', '', 171036, 33552, 50, 2013),
(41, 3, 'Mutiara', '', 64970, 11595, 56, 2013),
(42, 4, 'Bunga Pala', '', 151730, 22290, 68, 2013),
(43, 5, 'Kopi Arabika', '', 235543, 40385, 58, 2013),
(44, 6, 'Bulumata', '', 262405, 46264, 56, 2013),
(45, 7, 'Telur Ikan Terbang', '', 297302, 59108, 50, 2013),
(46, 8, 'Kopi Robusta', '', 161552, 31533, 51, 2013),
(47, 9, 'Bulumata', '', 404403, 60723, 66, 2013),
(48, 10, 'Kopi Arabika', '', 178683, 29479, 60, 2013),
(49, 11, 'Kopi Arabika', '', 209137, 44979, 46, 2013),
(50, 12, 'Kopi Robusta', '', 206315, 48168, 42, 2013),
(51, 13, '', '', 272464, 69614, 39, 2013),
(52, 14, '', '', 178343, 40709, 43, 2013),
(53, 15, '', '', 537, 91, 59, 2013),
(54, 16, '', '', 116801, 21876, 53, 2013),
(55, 17, '', '', 185524, 27647, 67, 2013),
(56, 18, '', '', 239197, 33745, 70, 2013),
(57, 19, '', '', 39041, 6722, 58, 2013),
(77, 1, 'Kopi Arabika', '', 147641, 21536, 68, 2014),
(78, 2, 'Bulumata', '', 243408, 35031, 69, 2014),
(79, 3, 'Mutiara', '', 74238, 14111, 52, 2014),
(80, 4, 'Bunga Pala', '', 232657, 35872, 64, 2014),
(81, 5, 'Kopi Arabika', '', 317255, 48821, 64, 2014),
(82, 6, 'Bulumata', '', 316025, 50053, 63, 2014),
(83, 7, 'Telur Ikan Terbang', '', 272764, 48821, 55, 2014),
(84, 8, 'Kopi Robusta', '', 190905, 32339, 59, 2014),
(85, 9, 'Bulumata', '', 418141, 55654, 75, 2014),
(86, 10, 'Kopi Arabika', '', 133402, 21700, 61, 2014),
(87, 11, 'Kopi Arabika', '', 182305, 39983, 45, 2014),
(88, 12, 'Kopi Robusta', '', 257174, 45960, 55, 2014),
(89, 13, '', '', 345079, 70500, 48, 2014),
(90, 14, '', '', 199534, 41690, 47, 2014),
(91, 15, '', '', 799, 119, 67, 2014),
(92, 16, '', '', 135107, 22724, 59, 2014),
(93, 17, '', '', 242795, 31896, 76, 2014),
(94, 18, '', '', 267650, 33497, 79, 2014),
(95, 19, '', '', 33472, 5712, 58, 2014),
(115, 1, 'Kopi Arabika', '', 102294, 20072, 50, 2015),
(116, 2, 'Bulumata', '', 246564, 35163, 70, 2015),
(117, 3, 'Mutiara', '', 59444, 10792, 55, 2015),
(118, 4, 'Bunga Pala', '', 262850, 38767, 67, 2015),
(119, 5, 'Kopi Arabika', '', 273529, 48180, 56, 2015),
(120, 6, 'Bulumata', '', 300068, 49398, 60, 2015),
(121, 7, 'Telur Ikan Terbang', '', 306479, 56088, 54, 2015),
(122, 8, 'Kopi Robusta', '', 167234, 29810, 56, 2015),
(123, 9, 'Bulumata', '', 384881, 57118, 67, 2015),
(124, 10, 'Kopi Robusta', '', 120911, 20581, 58, 2015),
(125, 11, 'Kopi Arabika', '', 179348, 41681, 43, 2015),
(126, 12, 'Kopi Robusta', '', 301733, 54924, 54, 2015),
(127, 13, '', '', 318557, 68474, 46, 2015),
(128, 14, '', '', 215836, 44537, 48, 2015),
(129, 15, '', '', 446, 79, 56, 2015),
(130, 16, '', '', 122617, 23807, 51, 2015),
(131, 17, '', '', 197353, 28410, 69, 2015),
(132, 18, '', '', 235951, 29449, 80, 2015),
(133, 19, '', '', 29029, 5653, 51, 2015),
(153, 1, 'Kopi Arabika', '', 101887, 20401, 49, 2016),
(154, 2, 'Bulumata', '', 193720, 32245, 60, 2016),
(155, 3, 'Mutiara', '', 76415, 12972, 58, 2016),
(156, 4, 'Bunga Pala', '', 256180, 40387, 63, 2016),
(157, 5, 'Kopi Arabika', '', 321769, 49805, 64, 2016),
(158, 6, 'Bulumata', '', 318023, 50664, 62, 2016),
(159, 7, 'Telur Ikan Terbang', '', 285630, 49209, 58, 2016),
(160, 8, 'Kopi Robusta', '', 135772, 29704, 45, 2016),
(161, 9, 'Bulumata', '', 390759, 59858, 65, 2016),
(162, 10, 'Kopi Arabika', '', 137031, 22555, 60, 2016),
(163, 11, 'Kopi Arabika', '', 154920, 35160, 44, 2016),
(164, 12, 'Kopi Robusta', '', 265725, 50666, 52, 2016),
(165, 13, '', '', 233783, 61163, 38, 2016),
(166, 14, '', '', 233623, 47531, 49, 2016),
(167, 15, '', '', 217, 26, 83, 2016),
(168, 16, '', '', 109252, 23506, 46, 2016),
(169, 17, '', '', 233448, 30540, 76, 2016),
(170, 18, '', '', 213160, 28971, 73, 2016),
(171, 19, '', '', 30560, 6003, 50, 2016),
(191, 1, 'Kopi Arabika', '', 100013, 20185, 49, 2017),
(192, 2, 'Bulumata', '', 238283, 34935, 68, 2017),
(193, 3, 'Mutiara', '', 90076, 14138, 63, 2017),
(194, 4, 'Bunga Pala', '', 324452, 46642, 69, 2017),
(195, 5, 'Kopi Arabika', '', 360357, 55187, 65, 2017),
(196, 6, 'Bulumata', '', 362501, 51480, 70, 2017),
(197, 7, 'Telur Ikan Terbang', '', 287175, 45251, 63, 2017),
(198, 8, 'Kopi Robusta', '', 134493, 30901, 43, 2017),
(199, 9, 'Bulumata', '', 427064, 62309, 68, 2017),
(200, 10, 'Kopi Arabika', '', 183612, 30627, 59, 2017),
(201, 11, 'Kopi Arabika', '', 132846, 30268, 43, 2017),
(202, 12, 'Kopi Robusta', '', 241091, 48516, 49, 2017),
(203, 13, '', '', 207461, 52800, 39, 2017),
(204, 14, '', '', 250518, 44340, 56, 2017),
(205, 15, '', '', 687, 116, 59, 2017),
(206, 16, '', '', 125882, 23091, 54, 2017),
(207, 17, '', '', 211164, 29412, 71, 2017),
(208, 18, '', '', 241546, 30292, 79, 2017),
(209, 19, '', '', 38187, 6252, 61, 2017),
(229, 1, 'Kopi Arabika', '', 130996, 21295, 61, 2018),
(230, 2, 'Bulumata', '', 259501, 38802, 66, 2018),
(231, 3, 'Mutiara', '', 75717, 15340, 49, 2018),
(232, 4, 'Bunga Pala', '', 296497, 44624, 66, 2018),
(233, 5, 'Kopi Arabika', '', 316797, 50461, 62, 2018),
(234, 6, 'Bulumata', '', 309751, 47513, 65, 2018),
(235, 7, 'Telur Ikan Terbang', '', 344140, 54051, 63, 2018),
(236, 8, 'Kopi Robusta', '', 112767, 25935, 43, 2018),
(237, 9, 'Bulumata', '', 402031, 62836, 63, 2018),
(238, 10, 'Kopi Arabika', '', 213909, 30706, 69, 2018),
(239, 11, 'Kopi Arabika', '', 114518, 26014, 44, 2018),
(240, 12, 'Kopi Robusta', '', 271852, 55100, 49, 2018),
(241, 13, '', '', 272669, 59217, 46, 2018),
(242, 14, '', '', 272838, 44151, 61, 2018),
(243, 15, '', '', 681, 110, 61, 2018),
(244, 16, '', '', 131135, 25264, 51, 2018),
(245, 17, '', '', 241325, 31626, 76, 2018),
(246, 18, '', '', 164945, 24755, 66, 2018),
(247, 19, '', '', 40867, 6227, 65, 2018),
(267, 1, 'Kopi Arabika', '', 97446, 19116, 50, 2019),
(268, 2, 'Bulumata', '', 220705, 34356, 64, 2019),
(269, 3, 'Mutiara', '', 67642, 11179, 60, 2019),
(270, 4, 'Bunga Pala', '', 269528, 41277, 65, 2019),
(271, 5, 'Kopi Arabika', '', 312385, 52098, 59, 2019),
(272, 6, 'Bulumata', '', 345757, 51273, 67, 2019),
(273, 7, 'Telur Ikan Terbang', '', 260458, 44933, 57, 2019),
(274, 8, 'Kopi Robusta', '', 137507, 24223, 56, 2019),
(275, 9, 'Bulumata', '', 471285, 64236, 73, 2019),
(276, 10, 'Kopi Arabika', '', 207513, 32351, 64, 2019),
(277, 11, 'Kopi Arabika', '', 130516, 31573, 41, 2019),
(278, 12, 'Kopi Robusta', '', 248421, 49672, 50, 2019),
(279, 13, '', '', 270441, 58078, 46, 2019),
(280, 14, '', '', 284785, 46744, 60, 2019),
(281, 15, '', '', 1415, 220, 64, 2019),
(282, 16, '', '', 151967, 23608, 64, 2019),
(283, 17, '', '', 254234, 37593, 67, 2019),
(284, 18, '', '', 208248, 28638, 72, 2019),
(285, 19, '', '', 52277, 8434, 61, 2019),
(305, 1, 'Kopi Arabika', '', 108848, 24275, 45, 2020),
(306, 2, 'Bulumata', '', 180962, 31355, 58, 2020),
(307, 3, 'Mutiara', '', 62249, 13823, 40, 2020),
(308, 4, 'Bunga Pala', '', 52173, 9044, 58, 2020),
(309, 5, 'Kopi Arabika', '', 229722, 45567, 50, 2020),
(310, 6, 'Bulumata', '', 301446, 53051, 57, 2020),
(311, 7, 'Telur Ikan Terbang', '', 320086, 57678, 56, 2020),
(312, 8, 'Kopi Robusta', '', 147930, 31654, 47, 2020),
(313, 9, 'Bulumata', '', 360153, 61032, 59, 2020),
(314, 10, 'Kopi Arabika', '', 190989, 31951, 60, 2020),
(315, 11, 'Kopi Arabika', '', 181167, 38185, 47, 2020),
(316, 12, 'Kopi Robusta', '', 216016, 47451, 46, 2020),
(317, 13, '', '', 324623, 73032, 44, 2020),
(318, 14, '', '', 156476, 41583, 38, 2020),
(319, 15, '', '', 571, 181, 32, 2020),
(320, 16, '', '', 150779, 25027, 60, 2020),
(321, 17, '', '', 194233, 32129, 60, 2020),
(322, 18, '', '', 200083, 33875, 59, 2020),
(323, 19, '', '', 43706, 7891, 55, 2020),
(324, 20, '', '', 50900, 7100, 50, 2012);

-- --------------------------------------------------------

--
-- Struktur dari tabel `user`
--

CREATE TABLE `user` (
  `id_user` int(11) NOT NULL,
  `username` varchar(255) NOT NULL,
  `password` varchar(255) NOT NULL,
  `nama` varchar(100) NOT NULL,
  `email` varchar(50) NOT NULL,
  `level` int(11) NOT NULL
) ENGINE=InnoDB DEFAULT CHARSET=latin1;

--
-- Dumping data untuk tabel `user`
--

INSERT INTO `user` (`id_user`, `username`, `password`, `nama`, `email`, `level`) VALUES
(4, 'admin', 'YWRtaW4=', 'Admin', 'admin@gmail.com', 1),
(5, 'user', 'dXNlcg==', 'User', 'user@gmail.com', 2);

--
-- Indexes for dumped tables
--

--
-- Indeks untuk tabel `centroid_temp`
--
ALTER TABLE `centroid_temp`
  ADD PRIMARY KEY (`id`);

--
-- Indeks untuk tabel `hasil_iterasi`
--
ALTER TABLE `hasil_iterasi`
  ADD PRIMARY KEY (`id`);

--
-- Indeks untuk tabel `hasil_klaster`
--
ALTER TABLE `hasil_klaster`
  ADD PRIMARY KEY (`id_klaster`),
  ADD KEY `fk_tanaman` (`fk_tanaman`);

--
-- Indeks untuk tabel `hasil_pengujian`
--
ALTER TABLE `hasil_pengujian`
  ADD PRIMARY KEY (`id`);

--
-- Indeks untuk tabel `lokasi`
--
ALTER TABLE `lokasi`
  ADD PRIMARY KEY (`id_lokasi`);

--
-- Indeks untuk tabel `tanaman`
--
ALTER TABLE `tanaman`
  ADD PRIMARY KEY (`id_tanaman`),
  ADD KEY `fk_lokasi` (`fk_lokasi`);

--
-- Indeks untuk tabel `user`
--
ALTER TABLE `user`
  ADD PRIMARY KEY (`id_user`);

--
-- AUTO_INCREMENT untuk tabel yang dibuang
--

--
-- AUTO_INCREMENT untuk tabel `centroid_temp`
--
ALTER TABLE `centroid_temp`
  MODIFY `id` int(11) NOT NULL AUTO_INCREMENT, AUTO_INCREMENT=25;

--
-- AUTO_INCREMENT untuk tabel `hasil_iterasi`
--
ALTER TABLE `hasil_iterasi`
  MODIFY `id` int(11) NOT NULL AUTO_INCREMENT, AUTO_INCREMENT=2;

--
-- AUTO_INCREMENT untuk tabel `hasil_klaster`
--
ALTER TABLE `hasil_klaster`
  MODIFY `id_klaster` int(11) NOT NULL AUTO_INCREMENT, AUTO_INCREMENT=751;

--
-- AUTO_INCREMENT untuk tabel `hasil_pengujian`
--
ALTER TABLE `hasil_pengujian`
  MODIFY `id` int(11) NOT NULL AUTO_INCREMENT, AUTO_INCREMENT=4;

--
-- AUTO_INCREMENT untuk tabel `lokasi`
--
ALTER TABLE `lokasi`
  MODIFY `id_lokasi` int(11) NOT NULL AUTO_INCREMENT, AUTO_INCREMENT=13;

--
-- AUTO_INCREMENT untuk tabel `tanaman`
--
ALTER TABLE `tanaman`
  MODIFY `id_tanaman` int(11) NOT NULL AUTO_INCREMENT, AUTO_INCREMENT=325;

--
-- AUTO_INCREMENT untuk tabel `user`
--
ALTER TABLE `user`
  MODIFY `id_user` int(11) NOT NULL AUTO_INCREMENT, AUTO_INCREMENT=6;
COMMIT;

/*!40101 SET CHARACTER_SET_CLIENT=@OLD_CHARACTER_SET_CLIENT */;
/*!40101 SET CHARACTER_SET_RESULTS=@OLD_CHARACTER_SET_RESULTS */;
/*!40101 SET COLLATION_CONNECTION=@OLD_COLLATION_CONNECTION */;
